{"nodes": [{"name": "Rene Auberjonois", "id": 10}, {"name": "Anil Kapoor", "id": 90}, {"name": "Anupam Kher", "id": 91}, {"name": "Satish Kaushik", "id": 97}, {"name": "Smita Jaykar", "id": 98}, {"name": "Sonali Bendre", "id": 99}, {"name": "Farida Jalal", "id": 103}, {"name": "Nagma", "id": 236}, {"name": "Karisma Kapoor", "id": 242}, {"name": "Shakti Kapoor", "id": 247}], "links": [{"source": 90, "target": 99}, {"source": 90, "target": 91}, {"source": 90, "target": 97}, {"source": 90, "target": 98}, {"source": 99, "target": 91}, {"source": 99, "target": 97}, {"source": 99, "target": 98}, {"source": 91, "target": 97}, {"source": 91, "target": 98}, {"source": 97, "target": 98}, {"source": 90, "target": 103}, {"source": 236, "target": 97}, {"source": 242, "target": 247}, {"source": 242, "target": 236}, {"source": 242, "target": 99}, {"source": 247, "target": 236}, {"source": 247, "target": 99}, {"source": 236, "target": 99}, {"source": 91, "target": 103}, {"source": 98, "target": 247}]}