{"nodes": [{"name": "Paul Giamatti", "id": 56}, {"name": "Kate Higgins", "id": 131}, {"name": "B.N. Sharma", "id": 157}, {"name": "Rajesh Sharma", "id": 279}, {"name": "Ajay Devgn", "id": 281}, {"name": "Mahesh Manjrekar", "id": 282}, {"name": "Amitabh Bachchan", "id": 304}, {"name": "Manoj Bajpayee", "id": 309}, {"name": "Vipin Sharma", "id": 310}, {"name": "Akshay Kumar", "id": 360}, {"name": "Johnny Lever", "id": 417}, {"name": "Anupam Kher", "id": 423}, {"name": "Sunny Deol", "id": 473}, {"name": "Cam Clarke", "id": 597}, {"name": "Cindy Robinson", "id": 599}, {"name": "Erin Fitzgerald", "id": 600}, {"name": "Evan Smith", "id": 601}, {"name": "Julie Maddalena", "id": 603}, {"name": "Audu Paden", "id": 671}, {"name": "Laura Bailey", "id": 680}, {"name": "Stellan Skarsg\u00e5rd", "id": 781}, {"name": "Debi Derryberry", "id": 896}, {"name": "Uma Thurman", "id": 923}, {"name": "Samuel West", "id": 1015}], "links": [{"source": 281, "target": 282}, {"source": 304, "target": 281}, {"source": 304, "target": 309}, {"source": 304, "target": 310}, {"source": 281, "target": 309}, {"source": 281, "target": 310}, {"source": 309, "target": 310}, {"source": 360, "target": 282}, {"source": 360, "target": 417}, {"source": 360, "target": 309}, {"source": 360, "target": 423}, {"source": 360, "target": 279}, {"source": 309, "target": 423}, {"source": 309, "target": 279}, {"source": 423, "target": 279}, {"source": 473, "target": 417}, {"source": 473, "target": 423}, {"source": 417, "target": 423}, {"source": 600, "target": 601}, {"source": 600, "target": 599}, {"source": 600, "target": 603}, {"source": 600, "target": 597}, {"source": 601, "target": 599}, {"source": 601, "target": 603}, {"source": 601, "target": 597}, {"source": 599, "target": 603}, {"source": 599, "target": 597}, {"source": 603, "target": 597}, {"source": 680, "target": 597}, {"source": 680, "target": 600}, {"source": 680, "target": 131}, {"source": 680, "target": 603}, {"source": 680, "target": 671}, {"source": 597, "target": 600}, {"source": 597, "target": 131}, {"source": 597, "target": 603}, {"source": 597, "target": 671}, {"source": 600, "target": 131}, {"source": 600, "target": 671}, {"source": 131, "target": 603}, {"source": 131, "target": 671}, {"source": 603, "target": 671}, {"source": 680, "target": 896}, {"source": 680, "target": 599}, {"source": 680, "target": 601}, {"source": 597, "target": 896}, {"source": 597, "target": 599}, {"source": 597, "target": 601}, {"source": 896, "target": 600}, {"source": 896, "target": 131}, {"source": 896, "target": 603}, {"source": 896, "target": 671}, {"source": 896, "target": 599}, {"source": 896, "target": 601}, {"source": 131, "target": 599}, {"source": 131, "target": 601}, {"source": 603, "target": 599}, {"source": 603, "target": 601}, {"source": 671, "target": 599}, {"source": 671, "target": 601}, {"source": 599, "target": 601}, {"source": 781, "target": 923}, {"source": 304, "target": 473}, {"source": 304, "target": 423}, {"source": 281, "target": 473}, {"source": 281, "target": 423}, {"source": 473, "target": 309}]}