{"nodes": [{"name": "Bruce Dern", "id": 38}, {"name": "Judy Greer", "id": 41}, {"name": "Mike Epps", "id": 56}, {"name": "Tracy Morgan", "id": 60}, {"name": "Carmen Machi", "id": 71}, {"name": "Secun de la Rosa", "id": 75}, {"name": "Rajesh Sharma", "id": 133}, {"name": "Frank Grillo", "id": 223}, {"name": "Adam Scott", "id": 258}, {"name": "Clancy Brown", "id": 263}, {"name": "Antonio Banderas", "id": 328}, {"name": "Sambasa Nzeribe", "id": 416}, {"name": "Thomas Cocquerel", "id": 458}, {"name": "Karamjit Anmol", "id": 574}, {"name": "Faye Dunaway", "id": 705}, {"name": "Robert Forster", "id": 709}, {"name": "Pankaj Tripathi", "id": 867}, {"name": "Zakir Hussain", "id": 871}, {"name": "Bayoumi Fouad", "id": 973}, {"name": "Mohammed Tharwat", "id": 978}, {"name": "Dharmajan Bolgatty", "id": 1019}, {"name": "Indrans", "id": 1020}, {"name": "Sruthi Hariharan", "id": 1130}, {"name": "Anupam Kher", "id": 1474}, {"name": "Tapsee Pannu", "id": 1479}, {"name": "Santhosh Keezhattoor", "id": 1492}, {"name": "Nassar", "id": 1512}, {"name": "Raghuvir Yadav", "id": 1536}, {"name": "Vivica A. Fox", "id": 1548}, {"name": "Adam Pally", "id": 1549}, {"name": "Robert Longstreet", "id": 1625}, {"name": "Melanie Lynskey", "id": 1716}, {"name": "Rachael Stirling", "id": 1833}, {"name": "Toby Huss", "id": 1862}, {"name": "Craig Sechler", "id": 1977}, {"name": "Sudhi Koppa", "id": 2006}, {"name": "Sunil Sukhada", "id": 2007}, {"name": "Tini Tom", "id": 2019}, {"name": "Joy Mathew", "id": 2036}, {"name": "Nandu", "id": 2056}, {"name": "Fred Armisen", "id": 2224}, {"name": "Paoli Dam", "id": 2477}, {"name": "Anushka Shetty", "id": 3379}, {"name": "Prabhas", "id": 3381}, {"name": "Ramya Krishnan", "id": 3382}, {"name": "Rana Daggubati", "id": 3383}, {"name": "Sathyaraj", "id": 3384}, {"name": "Subbaraju", "id": 3385}, {"name": "Tamannaah Bhatia", "id": 3386}, {"name": "Joju George", "id": 3637}], "links": [{"source": 38, "target": 41}, {"source": 56, "target": 60}, {"source": 71, "target": 75}, {"source": 258, "target": 263}, {"source": 38, "target": 263}, {"source": 705, "target": 709}, {"source": 871, "target": 867}, {"source": 871, "target": 133}, {"source": 867, "target": 133}, {"source": 978, "target": 973}, {"source": 1019, "target": 1020}, {"source": 1479, "target": 1474}, {"source": 1479, "target": 871}, {"source": 1474, "target": 871}, {"source": 1492, "target": 1020}, {"source": 1512, "target": 1130}, {"source": 973, "target": 978}, {"source": 1716, "target": 458}, {"source": 1019, "target": 2007}, {"source": 1019, "target": 2006}, {"source": 2007, "target": 2006}, {"source": 1020, "target": 1019}, {"source": 1020, "target": 2006}, {"source": 2019, "target": 1020}, {"source": 1020, "target": 2036}, {"source": 1020, "target": 1492}, {"source": 2036, "target": 1492}, {"source": 2007, "target": 2036}, {"source": 2019, "target": 2006}, {"source": 1492, "target": 2007}, {"source": 328, "target": 709}, {"source": 258, "target": 2224}, {"source": 1716, "target": 1625}, {"source": 2224, "target": 1549}, {"source": 3381, "target": 3383}, {"source": 3381, "target": 3379}, {"source": 3381, "target": 3386}, {"source": 3381, "target": 3384}, {"source": 3381, "target": 3382}, {"source": 3381, "target": 1512}, {"source": 3381, "target": 3385}, {"source": 3383, "target": 3379}, {"source": 3383, "target": 3386}, {"source": 3383, "target": 3384}, {"source": 3383, "target": 3382}, {"source": 3383, "target": 1512}, {"source": 3383, "target": 3385}, {"source": 3379, "target": 3386}, {"source": 3379, "target": 3384}, {"source": 3379, "target": 3382}, {"source": 3379, "target": 1512}, {"source": 3379, "target": 3385}, {"source": 3386, "target": 3384}, {"source": 3386, "target": 3382}, {"source": 3386, "target": 1512}, {"source": 3386, "target": 3385}, {"source": 3384, "target": 3382}, {"source": 3384, "target": 1512}, {"source": 3384, "target": 3385}, {"source": 3382, "target": 1512}, {"source": 3382, "target": 3385}, {"source": 1512, "target": 3385}, {"source": 3637, "target": 2056}, {"source": 3637, "target": 2007}, {"source": 2056, "target": 2007}, {"source": 2036, "target": 3637}, {"source": 2007, "target": 3637}, {"source": 1549, "target": 2224}]}