{"nodes": [{"name": "Cassie Clare", "id": 0}, {"name": "Faizon Love", "id": 1}, {"name": "Fiona Ramsey", "id": 2}, {"name": "Kirk Fox", "id": 3}, {"name": "Neels Clasen", "id": 4}, {"name": "Pearl Thusi", "id": 5}, {"name": "Roxy Nel", "id": 6}, {"name": "Tony Todd", "id": 7}, {"name": "Aina Clotet", "id": 8}, {"name": "Antonio Valero", "id": 9}, {"name": "Hugo Balaguer", "id": 10}, {"name": "Inma Cuesta", "id": 11}, {"name": "Isabel Requena", "id": 12}, {"name": "Mafalda Carbonell", "id": 13}, {"name": "Mar\u00eda Zamora", "id": 14}, {"name": "Nacho L\u00f3pez", "id": 15}, {"name": "Oscar Mart\u00ednez", "id": 16}, {"name": "Valeria Schoneveld", "id": 17}, {"name": "Alejandro Flores", "id": 18}, {"name": "Anajos\u00e9 Aldrete", "id": 19}, {"name": "Andrea Sutton", "id": 20}, {"name": "Daniel Haddad", "id": 21}, {"name": "Hern\u00e1n Del Riego", "id": 22}, {"name": "H\u00e1nssel Casillas", "id": 23}, {"name": "Juan Carlos Viana Prieto", "id": 24}, {"name": "Loreto Peralta", "id": 25}, {"name": "Luis De La Rosa", "id": 26}, {"name": "Montserrat Mara\u00f1\u00f3n", "id": 27}, {"name": "Adrian Pasdar", "id": 28}, {"name": "Bresha Webb", "id": 29}, {"name": "Cicely Tyson", "id": 30}, {"name": "Crystal Fox", "id": 31}, {"name": "Mehcad Brooks", "id": 32}, {"name": "Phylicia Rashad", "id": 33}, {"name": "Tyler Perry", "id": 34}, {"name": "Leslie Jones", "id": 35}, {"name": "Avinash Tiwary", "id": 36}, {"name": "Gulshan Devaiah", "id": 37}, {"name": "Janhvi Kapoor", "id": 38}, {"name": "Mrunal Thakur", "id": 39}, {"name": "Pavail Gulati", "id": 40}, {"name": "Sagar Arya", "id": 41}, {"name": "Sobhita Dhulipala", "id": 42}, {"name": "Sukant Goel", "id": 43}, {"name": "Surekha Sikri", "id": 44}, {"name": "Vijay Varma", "id": 45}], "links": [{"source": 1, "target": 3}, {"source": 1, "target": 7}, {"source": 1, "target": 5}, {"source": 1, "target": 0}, {"source": 1, "target": 2}, {"source": 1, "target": 4}, {"source": 1, "target": 6}, {"source": 3, "target": 7}, {"source": 3, "target": 5}, {"source": 3, "target": 0}, {"source": 3, "target": 2}, {"source": 3, "target": 4}, {"source": 3, "target": 6}, {"source": 7, "target": 5}, {"source": 7, "target": 0}, {"source": 7, "target": 2}, {"source": 7, "target": 4}, {"source": 7, "target": 6}, {"source": 5, "target": 0}, {"source": 5, "target": 2}, {"source": 5, "target": 4}, {"source": 5, "target": 6}, {"source": 0, "target": 2}, {"source": 0, "target": 4}, {"source": 0, "target": 6}, {"source": 2, "target": 4}, {"source": 2, "target": 6}, {"source": 4, "target": 6}, {"source": 16, "target": 11}, {"source": 16, "target": 13}, {"source": 16, "target": 15}, {"source": 16, "target": 12}, {"source": 16, "target": 8}, {"source": 16, "target": 9}, {"source": 16, "target": 14}, {"source": 16, "target": 10}, {"source": 16, "target": 17}, {"source": 11, "target": 13}, {"source": 11, "target": 15}, {"source": 11, "target": 12}, {"source": 11, "target": 8}, {"source": 11, "target": 9}, {"source": 11, "target": 14}, {"source": 11, "target": 10}, {"source": 11, "target": 17}, {"source": 13, "target": 15}, {"source": 13, "target": 12}, {"source": 13, "target": 8}, {"source": 13, "target": 9}, {"source": 13, "target": 14}, {"source": 13, "target": 10}, {"source": 13, "target": 17}, {"source": 15, "target": 12}, {"source": 15, "target": 8}, {"source": 15, "target": 9}, {"source": 15, "target": 14}, {"source": 15, "target": 10}, {"source": 15, "target": 17}, {"source": 12, "target": 8}, {"source": 12, "target": 9}, {"source": 12, "target": 14}, {"source": 12, "target": 10}, {"source": 12, "target": 17}, {"source": 8, "target": 9}, {"source": 8, "target": 14}, {"source": 8, "target": 10}, {"source": 8, "target": 17}, {"source": 9, "target": 14}, {"source": 9, "target": 10}, {"source": 9, "target": 17}, {"source": 14, "target": 10}, {"source": 14, "target": 17}, {"source": 10, "target": 17}, {"source": 23, "target": 25}, {"source": 23, "target": 20}, {"source": 23, "target": 26}, {"source": 23, "target": 18}, {"source": 23, "target": 19}, {"source": 23, "target": 21}, {"source": 23, "target": 27}, {"source": 23, "target": 24}, {"source": 23, "target": 22}, {"source": 25, "target": 20}, {"source": 25, "target": 26}, {"source": 25, "target": 18}, {"source": 25, "target": 19}, {"source": 25, "target": 21}, {"source": 25, "target": 27}, {"source": 25, "target": 24}, {"source": 25, "target": 22}, {"source": 20, "target": 26}, {"source": 20, "target": 18}, {"source": 20, "target": 19}, {"source": 20, "target": 21}, {"source": 20, "target": 27}, {"source": 20, "target": 24}, {"source": 20, "target": 22}, {"source": 26, "target": 18}, {"source": 26, "target": 19}, {"source": 26, "target": 21}, {"source": 26, "target": 27}, {"source": 26, "target": 24}, {"source": 26, "target": 22}, {"source": 18, "target": 19}, {"source": 18, "target": 21}, {"source": 18, "target": 27}, {"source": 18, "target": 24}, {"source": 18, "target": 22}, {"source": 19, "target": 21}, {"source": 19, "target": 27}, {"source": 19, "target": 24}, {"source": 19, "target": 22}, {"source": 21, "target": 27}, {"source": 21, "target": 24}, {"source": 21, "target": 22}, {"source": 27, "target": 24}, {"source": 27, "target": 22}, {"source": 24, "target": 22}, {"source": 31, "target": 33}, {"source": 31, "target": 30}, {"source": 31, "target": 29}, {"source": 31, "target": 32}, {"source": 31, "target": 28}, {"source": 31, "target": 34}, {"source": 33, "target": 30}, {"source": 33, "target": 29}, {"source": 33, "target": 32}, {"source": 33, "target": 28}, {"source": 33, "target": 34}, {"source": 30, "target": 29}, {"source": 30, "target": 32}, {"source": 30, "target": 28}, {"source": 30, "target": 34}, {"source": 29, "target": 32}, {"source": 29, "target": 28}, {"source": 29, "target": 34}, {"source": 32, "target": 28}, {"source": 32, "target": 34}, {"source": 28, "target": 34}, {"source": 38, "target": 42}, {"source": 38, "target": 43}, {"source": 38, "target": 37}, {"source": 38, "target": 39}, {"source": 38, "target": 36}, {"source": 38, "target": 45}, {"source": 38, "target": 41}, {"source": 38, "target": 44}, {"source": 38, "target": 40}, {"source": 42, "target": 43}, {"source": 42, "target": 37}, {"source": 42, "target": 39}, {"source": 42, "target": 36}, {"source": 42, "target": 45}, {"source": 42, "target": 41}, {"source": 42, "target": 44}, {"source": 42, "target": 40}, {"source": 43, "target": 37}, {"source": 43, "target": 39}, {"source": 43, "target": 36}, {"source": 43, "target": 45}, {"source": 43, "target": 41}, {"source": 43, "target": 44}, {"source": 43, "target": 40}, {"source": 37, "target": 39}, {"source": 37, "target": 36}, {"source": 37, "target": 45}, {"source": 37, "target": 41}, {"source": 37, "target": 44}, {"source": 37, "target": 40}, {"source": 39, "target": 36}, {"source": 39, "target": 45}, {"source": 39, "target": 41}, {"source": 39, "target": 44}, {"source": 39, "target": 40}, {"source": 36, "target": 45}, {"source": 36, "target": 41}, {"source": 36, "target": 44}, {"source": 36, "target": 40}, {"source": 45, "target": 41}, {"source": 45, "target": 44}, {"source": 45, "target": 40}, {"source": 41, "target": 44}, {"source": 41, "target": 40}, {"source": 44, "target": 40}]}