{"nodes": [{"name": "Charlie Trairat", "id": 3}, {"name": "Abigail Breslin", "id": 34}, {"name": "Cameron Diaz", "id": 36}, {"name": "Nicolas Cage", "id": 85}, {"name": "Rachel McAdams", "id": 104}, {"name": "Om Puri", "id": 134}, {"name": "Sheeba Chaddha", "id": 137}, {"name": "Mahie Gill", "id": 144}, {"name": "Priyanka Chopra", "id": 164}, {"name": "Shahid Kapoor", "id": 165}, {"name": "Diya Mirza", "id": 169}, {"name": "Nauheed Cyrusi", "id": 171}, {"name": "Sohail Khan", "id": 174}, {"name": "Kareena Kapoor", "id": 177}, {"name": "Tony Hale", "id": 192}, {"name": "Konkona Sen Sharma", "id": 197}, {"name": "Louis Koo", "id": 208}, {"name": "Jonathan Sadowski", "id": 239}, {"name": "Kristen Schaal", "id": 243}, {"name": "Christopher Plummer", "id": 254}, {"name": "Fred Tatasciore", "id": 257}, {"name": "John C. Reilly", "id": 259}, {"name": "Tom Kane", "id": 261}, {"name": "Julianne Moore", "id": 265}, {"name": "Matt Damon", "id": 276}, {"name": "Shreyas Talpade", "id": 295}, {"name": "Asrani", "id": 304}, {"name": "Dilip Joshi", "id": 305}, {"name": "Johnny Lever", "id": 307}, {"name": "Jude Law", "id": 323}, {"name": "Keith David", "id": 342}, {"name": "Sam Rockwell", "id": 355}, {"name": "Zach Galifianakis", "id": 360}, {"name": "George Clooney", "id": 388}, {"name": "Kevin Spacey", "id": 391}, {"name": "John Kassir", "id": 446}, {"name": "Stephen Rannazzisi", "id": 480}, {"name": "Dwayne Johnson", "id": 497}, {"name": "Javed Jaffrey", "id": 530}, {"name": "Julianna Guill", "id": 577}, {"name": "Melanie Lynskey", "id": 657}], "links": [{"source": 36, "target": 34}, {"source": 134, "target": 137}, {"source": 165, "target": 164}, {"source": 174, "target": 169}, {"source": 174, "target": 171}, {"source": 169, "target": 171}, {"source": 177, "target": 134}, {"source": 177, "target": 169}, {"source": 177, "target": 171}, {"source": 134, "target": 169}, {"source": 134, "target": 171}, {"source": 192, "target": 243}, {"source": 192, "target": 239}, {"source": 243, "target": 239}, {"source": 259, "target": 254}, {"source": 259, "target": 257}, {"source": 259, "target": 261}, {"source": 254, "target": 257}, {"source": 254, "target": 261}, {"source": 257, "target": 261}, {"source": 295, "target": 144}, {"source": 307, "target": 305}, {"source": 307, "target": 304}, {"source": 305, "target": 304}, {"source": 254, "target": 323}, {"source": 360, "target": 85}, {"source": 360, "target": 355}, {"source": 85, "target": 355}, {"source": 388, "target": 391}, {"source": 342, "target": 446}, {"source": 342, "target": 257}, {"source": 446, "target": 257}, {"source": 497, "target": 446}, {"source": 295, "target": 530}, {"source": 295, "target": 307}, {"source": 530, "target": 307}, {"source": 239, "target": 577}, {"source": 355, "target": 391}, {"source": 388, "target": 657}, {"source": 388, "target": 360}, {"source": 657, "target": 360}, {"source": 197, "target": 137}, {"source": 177, "target": 174}, {"source": 164, "target": 305}, {"source": 177, "target": 530}, {"source": 276, "target": 657}, {"source": 276, "target": 192}, {"source": 657, "target": 192}, {"source": 259, "target": 243}, {"source": 323, "target": 104}, {"source": 134, "target": 304}]}