{"nodes": [{"name": "Dermot Mulroney", "id": 13}, {"name": "Kristen Bell", "id": 16}, {"name": "Tim Blake Nelson", "id": 21}, {"name": "Aki Toyosaki", "id": 41}, {"name": "Hiroaki Iwanaga", "id": 42}, {"name": "Kazuki Yao", "id": 44}, {"name": "Kenta Miyake", "id": 45}, {"name": "Minako Kotobuki", "id": 46}, {"name": "Rikiya Koyama", "id": 48}, {"name": "Takahiro Fujiwara", "id": 49}, {"name": "Takahiro Sakurai", "id": 50}, {"name": "Toa Yukinari", "id": 52}, {"name": "Yoshiro Matsumoto", "id": 53}, {"name": "Yuki Kaji", "id": 54}, {"name": "Boman Irani", "id": 76}, {"name": "Kareena Kapoor", "id": 79}, {"name": "Rajendra Sethi", "id": 91}, {"name": "Nasser", "id": 99}, {"name": "Santhanam", "id": 107}, {"name": "Sameera Reddy", "id": 116}, {"name": "Bradley Cooper", "id": 155}, {"name": "Tillotama Shome", "id": 197}, {"name": "Saurabh Shukla", "id": 239}, {"name": "Mohanlal", "id": 243}, {"name": "Govind Namdeo", "id": 250}, {"name": "Ranvir Shorey", "id": 255}, {"name": "Lotfy Labib", "id": 279}, {"name": "Mohamed Ramadan", "id": 281}, {"name": "Saad El Soghayar", "id": 282}, {"name": "Bruce Greenwood", "id": 331}, {"name": "Ray Liotta", "id": 336}, {"name": "Rani Mukerji", "id": 346}, {"name": "Subodh Bhave", "id": 348}, {"name": "Akshay Kumar", "id": 357}, {"name": "Om Puri", "id": 364}, {"name": "Paresh Rawal", "id": 365}, {"name": "Nihal Yal\u00e7\u0131n", "id": 413}, {"name": "Cam Clarke", "id": 441}, {"name": "Erin Fitzgerald", "id": 443}, {"name": "Kate Higgins", "id": 445}, {"name": "Laura Bailey", "id": 446}, {"name": "Pitobash", "id": 453}, {"name": "Badria Tolba", "id": 458}, {"name": "Eman El-Sayed", "id": 459}, {"name": "Hassan Abdulfattah", "id": 463}, {"name": "Darshan Jariwala", "id": 472}, {"name": "Nawazuddin Siddiqui", "id": 476}, {"name": "Vidya Balan", "id": 480}, {"name": "Snoop Dogg", "id": 501}, {"name": "Bill Thomas", "id": 526}, {"name": "Timothy Spall", "id": 551}, {"name": "Jackie Shroff", "id": 638}, {"name": "Alex Heartman", "id": 651}, {"name": "Brittany Anne Pirtle", "id": 652}, {"name": "Erika Fong", "id": 653}, {"name": "Felix Ryan", "id": 654}, {"name": "Hector David Jr.", "id": 655}, {"name": "Jeff Szusterman", "id": 656}, {"name": "Kate Elliot", "id": 657}, {"name": "Najee De-Tiege", "id": 658}, {"name": "Paul Schrier", "id": 659}, {"name": "Steven Skyler", "id": 660}, {"name": "Stig Alred", "id": 661}, {"name": "Bruce McGill", "id": 691}, {"name": "Ariel Winter", "id": 705}, {"name": "Emilio Estevez", "id": 707}, {"name": "Matthew Lillard", "id": 710}, {"name": "Asrani", "id": 767}, {"name": "Sonakshi Sinha", "id": 844}], "links": [{"source": 16, "target": 13}, {"source": 16, "target": 21}, {"source": 13, "target": 21}, {"source": 42, "target": 50}, {"source": 42, "target": 52}, {"source": 42, "target": 54}, {"source": 42, "target": 46}, {"source": 42, "target": 49}, {"source": 42, "target": 53}, {"source": 42, "target": 44}, {"source": 42, "target": 41}, {"source": 42, "target": 48}, {"source": 42, "target": 45}, {"source": 50, "target": 52}, {"source": 50, "target": 54}, {"source": 50, "target": 46}, {"source": 50, "target": 49}, {"source": 50, "target": 53}, {"source": 50, "target": 44}, {"source": 50, "target": 41}, {"source": 50, "target": 48}, {"source": 50, "target": 45}, {"source": 52, "target": 54}, {"source": 52, "target": 46}, {"source": 52, "target": 49}, {"source": 52, "target": 53}, {"source": 52, "target": 44}, {"source": 52, "target": 41}, {"source": 52, "target": 48}, {"source": 52, "target": 45}, {"source": 54, "target": 46}, {"source": 54, "target": 49}, {"source": 54, "target": 53}, {"source": 54, "target": 44}, {"source": 54, "target": 41}, {"source": 54, "target": 48}, {"source": 54, "target": 45}, {"source": 46, "target": 49}, {"source": 46, "target": 53}, {"source": 46, "target": 44}, {"source": 46, "target": 41}, {"source": 46, "target": 48}, {"source": 46, "target": 45}, {"source": 49, "target": 53}, {"source": 49, "target": 44}, {"source": 49, "target": 41}, {"source": 49, "target": 48}, {"source": 49, "target": 45}, {"source": 53, "target": 44}, {"source": 53, "target": 41}, {"source": 53, "target": 48}, {"source": 53, "target": 45}, {"source": 44, "target": 41}, {"source": 44, "target": 48}, {"source": 44, "target": 45}, {"source": 41, "target": 48}, {"source": 41, "target": 45}, {"source": 48, "target": 45}, {"source": 79, "target": 76}, {"source": 107, "target": 99}, {"source": 116, "target": 99}, {"source": 16, "target": 155}, {"source": 79, "target": 250}, {"source": 79, "target": 255}, {"source": 250, "target": 255}, {"source": 282, "target": 281}, {"source": 282, "target": 279}, {"source": 281, "target": 279}, {"source": 155, "target": 336}, {"source": 155, "target": 331}, {"source": 336, "target": 331}, {"source": 346, "target": 348}, {"source": 357, "target": 365}, {"source": 357, "target": 364}, {"source": 357, "target": 250}, {"source": 365, "target": 364}, {"source": 365, "target": 250}, {"source": 364, "target": 250}, {"source": 446, "target": 441}, {"source": 446, "target": 443}, {"source": 446, "target": 445}, {"source": 441, "target": 443}, {"source": 441, "target": 445}, {"source": 443, "target": 445}, {"source": 197, "target": 453}, {"source": 458, "target": 459}, {"source": 458, "target": 282}, {"source": 458, "target": 463}, {"source": 459, "target": 282}, {"source": 459, "target": 463}, {"source": 282, "target": 463}, {"source": 480, "target": 476}, {"source": 480, "target": 472}, {"source": 476, "target": 472}, {"source": 445, "target": 446}, {"source": 445, "target": 443}, {"source": 445, "target": 441}, {"source": 443, "target": 441}, {"source": 651, "target": 658}, {"source": 651, "target": 655}, {"source": 651, "target": 653}, {"source": 651, "target": 652}, {"source": 651, "target": 660}, {"source": 651, "target": 659}, {"source": 651, "target": 654}, {"source": 651, "target": 656}, {"source": 651, "target": 661}, {"source": 651, "target": 657}, {"source": 658, "target": 655}, {"source": 658, "target": 653}, {"source": 658, "target": 652}, {"source": 658, "target": 660}, {"source": 658, "target": 659}, {"source": 658, "target": 654}, {"source": 658, "target": 656}, {"source": 658, "target": 661}, {"source": 658, "target": 657}, {"source": 655, "target": 653}, {"source": 655, "target": 652}, {"source": 655, "target": 660}, {"source": 655, "target": 659}, {"source": 655, "target": 654}, {"source": 655, "target": 656}, {"source": 655, "target": 661}, {"source": 655, "target": 657}, {"source": 653, "target": 652}, {"source": 653, "target": 660}, {"source": 653, "target": 659}, {"source": 653, "target": 654}, {"source": 653, "target": 656}, {"source": 653, "target": 661}, {"source": 653, "target": 657}, {"source": 652, "target": 660}, {"source": 652, "target": 659}, {"source": 652, "target": 654}, {"source": 652, "target": 656}, {"source": 652, "target": 661}, {"source": 652, "target": 657}, {"source": 660, "target": 659}, {"source": 660, "target": 654}, {"source": 660, "target": 656}, {"source": 660, "target": 661}, {"source": 660, "target": 657}, {"source": 659, "target": 654}, {"source": 659, "target": 656}, {"source": 659, "target": 661}, {"source": 659, "target": 657}, {"source": 654, "target": 656}, {"source": 654, "target": 661}, {"source": 654, "target": 657}, {"source": 656, "target": 661}, {"source": 656, "target": 657}, {"source": 661, "target": 657}, {"source": 21, "target": 691}, {"source": 707, "target": 710}, {"source": 707, "target": 336}, {"source": 707, "target": 705}, {"source": 710, "target": 336}, {"source": 710, "target": 705}, {"source": 336, "target": 705}, {"source": 336, "target": 707}, {"source": 336, "target": 710}, {"source": 705, "target": 710}, {"source": 255, "target": 239}, {"source": 255, "target": 638}, {"source": 255, "target": 767}, {"source": 638, "target": 767}, {"source": 346, "target": 79}, {"source": 346, "target": 476}, {"source": 79, "target": 476}, {"source": 76, "target": 116}, {"source": 76, "target": 243}, {"source": 116, "target": 243}, {"source": 331, "target": 691}, {"source": 357, "target": 844}, {"source": 357, "target": 453}, {"source": 357, "target": 472}, {"source": 357, "target": 767}, {"source": 844, "target": 453}, {"source": 844, "target": 472}, {"source": 844, "target": 767}, {"source": 453, "target": 472}, {"source": 453, "target": 767}, {"source": 472, "target": 767}, {"source": 357, "target": 99}, {"source": 844, "target": 99}, {"source": 76, "target": 365}, {"source": 76, "target": 480}, {"source": 365, "target": 480}, {"source": 279, "target": 459}]}