{"nodes": [{"name": "Michael Pe\u00f1a", "id": 5}, {"name": "Noah Centineo", "id": 14}, {"name": "Michael Par\u00e9", "id": 58}, {"name": "Gugu Mbatha-Raw", "id": 123}, {"name": "James Cosmo", "id": 141}, {"name": "Jide Kosoko", "id": 147}, {"name": "Sola Sobowale", "id": 151}, {"name": "Falz", "id": 157}, {"name": "Richard Mofe-Damijo", "id": 163}, {"name": "Naseeruddin Shah", "id": 322}, {"name": "Rasika Dugal", "id": 339}, {"name": "Kathryn Hahn", "id": 378}, {"name": "Andrea Libman", "id": 385}, {"name": "Adam Sandler", "id": 462}, {"name": "Derren Brown", "id": 515}, {"name": "Tara Strong", "id": 525}, {"name": "Varalakshmi Sarathkumar", "id": 581}, {"name": "Jim Sarbh", "id": 600}, {"name": "Vicky Kaushal", "id": 605}, {"name": "Seema Kaushal", "id": 613}, {"name": "Manav Vij", "id": 683}, {"name": "Ashleigh Ball", "id": 689}, {"name": "Tabitha St. Germain", "id": 692}, {"name": "Adil Hussain", "id": 781}, {"name": "Diedrich Bader", "id": 877}, {"name": "Makenzie Moss", "id": 882}, {"name": "Ricardo Quevedo", "id": 1172}, {"name": "Elise Neal", "id": 1240}, {"name": "Harby Sangha", "id": 1252}, {"name": "Disha", "id": 1344}, {"name": "Jigna Bharadhwaj", "id": 1345}, {"name": "Julie Tejwani", "id": 1346}, {"name": "Lalit Agarwal", "id": 1347}, {"name": "Rajesh Kawa", "id": 1348}, {"name": "Rajesh Shukla", "id": 1349}, {"name": "Raju", "id": 1350}, {"name": "Rupa Bhimani", "id": 1351}, {"name": "SABINA MALIK", "id": 1352}, {"name": "John Mulaney", "id": 1426}, {"name": "Chino Dar\u00edn", "id": 1563}, {"name": "Yogi Babu", "id": 1602}, {"name": "Radhika Apte", "id": 1651}, {"name": "Andrea Frigerio", "id": 1773}, {"name": "Daniel Doheny", "id": 1802}, {"name": "Benedict Cumberbatch", "id": 1842}, {"name": "Sabina Malik", "id": 1964}, {"name": "Sonal Kaushal", "id": 1965}, {"name": "Danny Trejo", "id": 1968}, {"name": "Tomokazu Sugita", "id": 2217}, {"name": "Yuki Kaji", "id": 2218}, {"name": "Brian White", "id": 2246}, {"name": "Jay O. Sanders", "id": 2304}, {"name": "Paul Bettany", "id": 2385}, {"name": "Paul Rudd", "id": 2477}, {"name": "Jacki Weaver", "id": 2684}, {"name": "Elizabeth Debicki", "id": 2777}, {"name": "Kay Kay Menon", "id": 3142}], "links": [{"source": 123, "target": 5}, {"source": 151, "target": 147}, {"source": 157, "target": 163}, {"source": 157, "target": 147}, {"source": 163, "target": 147}, {"source": 605, "target": 600}, {"source": 683, "target": 613}, {"source": 689, "target": 385}, {"source": 689, "target": 692}, {"source": 689, "target": 525}, {"source": 385, "target": 692}, {"source": 385, "target": 525}, {"source": 692, "target": 525}, {"source": 525, "target": 385}, {"source": 525, "target": 689}, {"source": 525, "target": 692}, {"source": 385, "target": 689}, {"source": 882, "target": 877}, {"source": 781, "target": 322}, {"source": 1346, "target": 1352}, {"source": 1346, "target": 1345}, {"source": 1346, "target": 1351}, {"source": 1346, "target": 1347}, {"source": 1346, "target": 1349}, {"source": 1346, "target": 1344}, {"source": 1346, "target": 1348}, {"source": 1346, "target": 1350}, {"source": 1352, "target": 1345}, {"source": 1352, "target": 1351}, {"source": 1352, "target": 1347}, {"source": 1352, "target": 1349}, {"source": 1352, "target": 1344}, {"source": 1352, "target": 1348}, {"source": 1352, "target": 1350}, {"source": 1345, "target": 1351}, {"source": 1345, "target": 1347}, {"source": 1345, "target": 1349}, {"source": 1345, "target": 1344}, {"source": 1345, "target": 1348}, {"source": 1345, "target": 1350}, {"source": 1351, "target": 1347}, {"source": 1351, "target": 1349}, {"source": 1351, "target": 1344}, {"source": 1351, "target": 1348}, {"source": 1351, "target": 1350}, {"source": 1347, "target": 1349}, {"source": 1347, "target": 1344}, {"source": 1347, "target": 1348}, {"source": 1347, "target": 1350}, {"source": 1349, "target": 1344}, {"source": 1349, "target": 1348}, {"source": 1349, "target": 1350}, {"source": 1344, "target": 1348}, {"source": 1344, "target": 1350}, {"source": 1348, "target": 1350}, {"source": 581, "target": 1602}, {"source": 1651, "target": 781}, {"source": 378, "target": 1426}, {"source": 1965, "target": 1351}, {"source": 1965, "target": 1346}, {"source": 1965, "target": 1964}, {"source": 1965, "target": 1345}, {"source": 1965, "target": 1348}, {"source": 1351, "target": 1346}, {"source": 1351, "target": 1964}, {"source": 1351, "target": 1345}, {"source": 1346, "target": 1964}, {"source": 1964, "target": 1345}, {"source": 1964, "target": 1348}, {"source": 1968, "target": 58}, {"source": 605, "target": 1651}, {"source": 2217, "target": 2218}, {"source": 1240, "target": 2246}, {"source": 2477, "target": 5}, {"source": 462, "target": 378}, {"source": 123, "target": 2777}, {"source": 123, "target": 2684}, {"source": 2218, "target": 2217}, {"source": 1842, "target": 2385}, {"source": 1842, "target": 2477}, {"source": 2385, "target": 2477}, {"source": 1651, "target": 683}]}