{"nodes": [{"name": "Don Cheadle", "id": 38}, {"name": "Brad Pitt", "id": 52}, {"name": "Diane Kruger", "id": 62}, {"name": "Sean Bean", "id": 69}, {"name": "Rati Agnihotri", "id": 82}, {"name": "Cezmi Bask\u0131n", "id": 104}, {"name": "Akshay Kumar", "id": 132}, {"name": "Amrish Puri", "id": 133}, {"name": "Kareena Kapoor", "id": 135}, {"name": "Priyanka Chopra", "id": 137}, {"name": "Amitabh Bachchan", "id": 139}, {"name": "Om Puri", "id": 140}, {"name": "Sunil Shetty", "id": 143}, {"name": "Vivek Oberoi", "id": 145}, {"name": "Abhishek Bachchan", "id": 146}, {"name": "Vijay Raaz", "id": 155}, {"name": "Shah Rukh Khan", "id": 162}], "links": [{"source": 52, "target": 38}, {"source": 52, "target": 62}, {"source": 52, "target": 69}, {"source": 62, "target": 69}, {"source": 132, "target": 135}, {"source": 132, "target": 137}, {"source": 132, "target": 133}, {"source": 135, "target": 137}, {"source": 135, "target": 133}, {"source": 137, "target": 133}, {"source": 145, "target": 139}, {"source": 145, "target": 140}, {"source": 145, "target": 82}, {"source": 145, "target": 143}, {"source": 139, "target": 140}, {"source": 139, "target": 82}, {"source": 139, "target": 143}, {"source": 140, "target": 82}, {"source": 140, "target": 143}, {"source": 82, "target": 143}, {"source": 146, "target": 155}, {"source": 146, "target": 145}, {"source": 146, "target": 135}, {"source": 146, "target": 140}, {"source": 145, "target": 135}, {"source": 145, "target": 155}, {"source": 135, "target": 140}, {"source": 135, "target": 155}, {"source": 140, "target": 155}, {"source": 133, "target": 137}, {"source": 133, "target": 132}, {"source": 137, "target": 132}, {"source": 162, "target": 143}]}