{"nodes": [{"name": "Birgitte Hjort S\u00f8rensen", "id": 2}, {"name": "Kate Hudson", "id": 13}, {"name": "Gaby Hoffmann", "id": 21}, {"name": "David Thewlis", "id": 28}, {"name": "Boman Irani", "id": 38}, {"name": "John Paul Tremblay", "id": 51}, {"name": "Mike Smith", "id": 52}, {"name": "Robb Wells", "id": 55}, {"name": "Jessica Chastain", "id": 68}, {"name": "Cem Y\u0131lmaz", "id": 121}, {"name": "Salih Kalyon", "id": 127}, {"name": "Archit Deodhar", "id": 140}, {"name": "Ganesh Yadav", "id": 141}, {"name": "Kishore Kadam", "id": 142}, {"name": "Abdelilah Wahbi", "id": 166}, {"name": "Ait Youssef Youssef", "id": 167}, {"name": "El Mahmoudi M'Barek", "id": 169}, {"name": "Mourad Zaoui", "id": 170}, {"name": "Selva Rasalingam", "id": 171}, {"name": "Eric Idle", "id": 172}, {"name": "John Cleese", "id": 173}, {"name": "Michael Palin", "id": 174}, {"name": "Terry Gilliam", "id": 175}, {"name": "Terry Jones", "id": 176}, {"name": "Dee Bradley Baker", "id": 212}, {"name": "Jassi Gill", "id": 236}, {"name": "Manav Vij", "id": 238}, {"name": "Gurpreet Guggi", "id": 246}, {"name": "Kiron Kher", "id": 258}, {"name": "Frank Langella", "id": 279}, {"name": "Sam Claflin", "id": 290}, {"name": "Om Puri", "id": 316}, {"name": "Deepak Tijori", "id": 327}, {"name": "Kay Kay Menon", "id": 330}, {"name": "Johnny Depp", "id": 343}, {"name": "Morgan Freeman", "id": 345}, {"name": "Rana Ranbir", "id": 364}, {"name": "Mark Duplass", "id": 392}, {"name": "Anjelica Huston", "id": 395}, {"name": "Grey DeLisle", "id": 399}, {"name": "Kari Wahlgren", "id": 401}, {"name": "Lucy Liu", "id": 402}, {"name": "Mae Whitman", "id": 403}, {"name": "Megan Hilty", "id": 404}, {"name": "Pamela Adlon", "id": 406}, {"name": "Raven-Symon\u00e9", "id": 408}, {"name": "Rosario Dawson", "id": 409}, {"name": "Lisa Haydon", "id": 442}, {"name": "Lambert Wilson", "id": 497}, {"name": "Adil Hussain", "id": 515}, {"name": "Bar\u0131\u015f Ardu\u00e7", "id": 538}, {"name": "Cezmi Bask\u0131n", "id": 565}, {"name": "Joshua J. Ballard", "id": 588}, {"name": "Anupam Kher", "id": 594}, {"name": "John Dunsworth", "id": 602}, {"name": "Pat Roach", "id": 607}, {"name": "Matthias Schoenaerts", "id": 644}, {"name": "Hassan Abdulfattah", "id": 665}, {"name": "Humberto Busto", "id": 685}, {"name": "Jeff Bennett", "id": 698}, {"name": "Bassem Samra", "id": 714}, {"name": "Ray Liotta", "id": 783}, {"name": "Bruce Greenwood", "id": 788}, {"name": "Richard Kind", "id": 818}, {"name": "Chlo\u00eb Grace Moretz", "id": 822}, {"name": "Mark Webber", "id": 834}, {"name": "Brenton Thwaites", "id": 840}, {"name": "Nash Edgerton", "id": 845}, {"name": "Robert Pattinson", "id": 852}, {"name": "America Young", "id": 911}, {"name": "Cindy Robinson", "id": 914}, {"name": "Erin Fitzgerald", "id": 915}, {"name": "Kate Higgins", "id": 918}, {"name": "Laura Bailey", "id": 919}, {"name": "Sue Swan", "id": 923}, {"name": "Kristen Stewart", "id": 973}, {"name": "Ron Perlman", "id": 980}, {"name": "John Cusack", "id": 1125}, {"name": "Samuel West", "id": 1128}, {"name": "Mukesh Tiwari", "id": 1171}, {"name": "Sanjay Mishra", "id": 1173}, {"name": "Oliver Platt", "id": 1238}, {"name": "Miriam Chin Wah Yeung", "id": 1283}, {"name": "Shrikant Yadav", "id": 1304}, {"name": "Alia Bhatt", "id": 1333}, {"name": "Charly H\u00fcbner", "id": 1456}, {"name": "Fabian Buch", "id": 1457}, {"name": "Lina Larissa Strahl", "id": 1458}, {"name": "Lisa-Marie Koroll", "id": 1459}, {"name": "Louis Held", "id": 1460}, {"name": "Martin Seifert", "id": 1461}, {"name": "Michael Maertens", "id": 1463}, {"name": "Winnie B\u00f6we", "id": 1465}], "links": [{"source": 52, "target": 51}, {"source": 52, "target": 55}, {"source": 51, "target": 55}, {"source": 121, "target": 127}, {"source": 142, "target": 141}, {"source": 142, "target": 140}, {"source": 141, "target": 140}, {"source": 171, "target": 170}, {"source": 171, "target": 169}, {"source": 171, "target": 166}, {"source": 171, "target": 167}, {"source": 170, "target": 169}, {"source": 170, "target": 166}, {"source": 170, "target": 167}, {"source": 169, "target": 166}, {"source": 169, "target": 167}, {"source": 166, "target": 167}, {"source": 173, "target": 175}, {"source": 173, "target": 172}, {"source": 173, "target": 176}, {"source": 173, "target": 174}, {"source": 175, "target": 172}, {"source": 175, "target": 176}, {"source": 175, "target": 174}, {"source": 172, "target": 176}, {"source": 172, "target": 174}, {"source": 176, "target": 174}, {"source": 236, "target": 238}, {"source": 330, "target": 327}, {"source": 343, "target": 345}, {"source": 258, "target": 364}, {"source": 258, "target": 238}, {"source": 364, "target": 238}, {"source": 403, "target": 409}, {"source": 403, "target": 402}, {"source": 403, "target": 406}, {"source": 403, "target": 408}, {"source": 403, "target": 404}, {"source": 403, "target": 401}, {"source": 403, "target": 395}, {"source": 403, "target": 399}, {"source": 409, "target": 402}, {"source": 409, "target": 406}, {"source": 409, "target": 408}, {"source": 409, "target": 404}, {"source": 409, "target": 401}, {"source": 409, "target": 395}, {"source": 409, "target": 399}, {"source": 402, "target": 406}, {"source": 402, "target": 408}, {"source": 402, "target": 404}, {"source": 402, "target": 401}, {"source": 402, "target": 395}, {"source": 402, "target": 399}, {"source": 406, "target": 408}, {"source": 406, "target": 404}, {"source": 406, "target": 401}, {"source": 406, "target": 395}, {"source": 406, "target": 399}, {"source": 408, "target": 404}, {"source": 408, "target": 401}, {"source": 408, "target": 395}, {"source": 408, "target": 399}, {"source": 404, "target": 401}, {"source": 404, "target": 395}, {"source": 404, "target": 399}, {"source": 401, "target": 395}, {"source": 401, "target": 399}, {"source": 395, "target": 399}, {"source": 497, "target": 279}, {"source": 538, "target": 565}, {"source": 52, "target": 602}, {"source": 52, "target": 607}, {"source": 51, "target": 602}, {"source": 51, "target": 607}, {"source": 55, "target": 602}, {"source": 55, "target": 607}, {"source": 602, "target": 607}, {"source": 442, "target": 594}, {"source": 644, "target": 497}, {"source": 403, "target": 698}, {"source": 402, "target": 698}, {"source": 408, "target": 406}, {"source": 408, "target": 698}, {"source": 404, "target": 406}, {"source": 404, "target": 698}, {"source": 406, "target": 698}, {"source": 698, "target": 399}, {"source": 698, "target": 401}, {"source": 698, "target": 395}, {"source": 399, "target": 401}, {"source": 399, "target": 395}, {"source": 409, "target": 788}, {"source": 21, "target": 818}, {"source": 822, "target": 834}, {"source": 840, "target": 845}, {"source": 852, "target": 845}, {"source": 919, "target": 914}, {"source": 919, "target": 915}, {"source": 919, "target": 918}, {"source": 919, "target": 923}, {"source": 919, "target": 911}, {"source": 914, "target": 915}, {"source": 914, "target": 918}, {"source": 914, "target": 923}, {"source": 914, "target": 911}, {"source": 915, "target": 918}, {"source": 915, "target": 923}, {"source": 915, "target": 911}, {"source": 918, "target": 923}, {"source": 918, "target": 911}, {"source": 923, "target": 911}, {"source": 834, "target": 980}, {"source": 918, "target": 914}, {"source": 923, "target": 918}, {"source": 923, "target": 915}, {"source": 923, "target": 919}, {"source": 918, "target": 915}, {"source": 918, "target": 919}, {"source": 911, "target": 915}, {"source": 911, "target": 919}, {"source": 915, "target": 919}, {"source": 973, "target": 822}, {"source": 212, "target": 399}, {"source": 515, "target": 1173}, {"source": 515, "target": 1171}, {"source": 1173, "target": 1171}, {"source": 783, "target": 1238}, {"source": 852, "target": 1125}, {"source": 1304, "target": 141}, {"source": 698, "target": 212}, {"source": 1458, "target": 1459}, {"source": 1458, "target": 1460}, {"source": 1458, "target": 1456}, {"source": 1458, "target": 1463}, {"source": 1458, "target": 1465}, {"source": 1458, "target": 1457}, {"source": 1458, "target": 1461}, {"source": 1459, "target": 1460}, {"source": 1459, "target": 1456}, {"source": 1459, "target": 1463}, {"source": 1459, "target": 1465}, {"source": 1459, "target": 1457}, {"source": 1459, "target": 1461}, {"source": 1460, "target": 1456}, {"source": 1460, "target": 1463}, {"source": 1460, "target": 1465}, {"source": 1460, "target": 1457}, {"source": 1460, "target": 1461}, {"source": 1456, "target": 1463}, {"source": 1456, "target": 1465}, {"source": 1456, "target": 1457}, {"source": 1456, "target": 1461}, {"source": 1463, "target": 1465}, {"source": 1463, "target": 1457}, {"source": 1463, "target": 1461}, {"source": 1465, "target": 1457}, {"source": 1465, "target": 1461}, {"source": 1457, "target": 1461}, {"source": 1463, "target": 1456}, {"source": 1461, "target": 1465}, {"source": 1461, "target": 1457}, {"source": 1461, "target": 1456}, {"source": 1465, "target": 1456}, {"source": 1457, "target": 1456}, {"source": 140, "target": 1304}]}