{"nodes": [{"name": "Ethan Suplee", "id": 12}, {"name": "Ray Liotta", "id": 20}, {"name": "Kareena Kapoor", "id": 81}, {"name": "Shah Rukh Khan", "id": 83}, {"name": "Jackie Shroff", "id": 91}, {"name": "Hugh Jackman", "id": 148}, {"name": "Sam Shepard", "id": 151}, {"name": "Rob Paulsen", "id": 165}, {"name": "Jason Lee", "id": 209}, {"name": "Aamir Khan", "id": 217}, {"name": "Suhasini Mulay", "id": 226}, {"name": "Om Puri", "id": 278}], "links": [{"source": 12, "target": 20}, {"source": 83, "target": 81}, {"source": 83, "target": 91}, {"source": 91, "target": 81}, {"source": 148, "target": 151}, {"source": 217, "target": 226}, {"source": 20, "target": 209}]}