{"nodes": [{"name": "Ryan Reynolds", "id": 16}, {"name": "Juhi Chawla", "id": 40}, {"name": "Jeff Daniels", "id": 66}, {"name": "Kay Kay Menon", "id": 72}, {"name": "Rajpal Yadav", "id": 74}, {"name": "Mumait Khan", "id": 101}, {"name": "Salman Khan", "id": 104}, {"name": "Anthony Anderson", "id": 122}, {"name": "Marton Csokas", "id": 141}, {"name": "Anupam Kher", "id": 147}, {"name": "Isha Koppikar", "id": 148}, {"name": "Tusshar Kapoor", "id": 152}, {"name": "Akshay Kumar", "id": 179}, {"name": "Esha Deol", "id": 181}, {"name": "Koena Mitra", "id": 182}, {"name": "Lara Dutta", "id": 184}, {"name": "Anil Kapoor", "id": 188}, {"name": "Fardeen Khan", "id": 193}, {"name": "Sushmita Sen", "id": 238}, {"name": "Samuel L. Jackson", "id": 282}, {"name": "Michael Roof", "id": 322}, {"name": "Nina Kulkarni", "id": 351}], "links": [{"source": 74, "target": 72}, {"source": 104, "target": 101}, {"source": 152, "target": 148}, {"source": 152, "target": 147}, {"source": 148, "target": 147}, {"source": 179, "target": 152}, {"source": 179, "target": 181}, {"source": 179, "target": 184}, {"source": 179, "target": 182}, {"source": 152, "target": 181}, {"source": 152, "target": 184}, {"source": 152, "target": 182}, {"source": 181, "target": 184}, {"source": 181, "target": 182}, {"source": 184, "target": 182}, {"source": 188, "target": 104}, {"source": 188, "target": 193}, {"source": 188, "target": 184}, {"source": 188, "target": 181}, {"source": 104, "target": 193}, {"source": 104, "target": 184}, {"source": 104, "target": 181}, {"source": 193, "target": 184}, {"source": 193, "target": 181}, {"source": 184, "target": 181}, {"source": 188, "target": 179}, {"source": 188, "target": 238}, {"source": 179, "target": 238}, {"source": 282, "target": 322}, {"source": 104, "target": 238}, {"source": 104, "target": 148}, {"source": 104, "target": 74}, {"source": 238, "target": 148}, {"source": 238, "target": 74}, {"source": 148, "target": 74}, {"source": 182, "target": 193}, {"source": 182, "target": 72}, {"source": 182, "target": 101}, {"source": 193, "target": 72}, {"source": 193, "target": 101}, {"source": 72, "target": 101}, {"source": 147, "target": 40}, {"source": 147, "target": 351}, {"source": 147, "target": 74}, {"source": 40, "target": 351}, {"source": 40, "target": 74}, {"source": 351, "target": 74}]}