{"nodes": [{"name": "Akshay Kumar", "id": 23}, {"name": "Tinnu Anand", "id": 32}, {"name": "Mahesh Manjrekar", "id": 37}, {"name": "Kalki Koechlin", "id": 66}, {"name": "Makrand Deshpande", "id": 68}, {"name": "Prateik", "id": 69}, {"name": "Joan Cusack", "id": 126}, {"name": "Andy Serkis", "id": 131}, {"name": "Toby Jones", "id": 139}, {"name": "Christina Hendricks", "id": 162}, {"name": "Ron Perlman", "id": 167}, {"name": "Sachin Khedekar", "id": 183}, {"name": "Neil Bhoopalam", "id": 190}, {"name": "Anupam Kher", "id": 197}, {"name": "Deepti Naval", "id": 205}, {"name": "Vijay Raaz", "id": 212}, {"name": "Rajkummar Rao", "id": 248}, {"name": "Amitabh Bachchan", "id": 303}, {"name": "Naseeruddin Shah", "id": 318}, {"name": "Jimmy Shergill", "id": 340}, {"name": "Kangana Ranaut", "id": 342}, {"name": "Andrew Airlie", "id": 348}, {"name": "Amr Youssef", "id": 397}, {"name": "Kinda Allouch", "id": 409}, {"name": "Jim Broadbent", "id": 440}, {"name": "David Attenborough", "id": 497}, {"name": "Hugh Laurie", "id": 504}, {"name": "Russell Brand", "id": 507}, {"name": "Bharat Jadhav", "id": 581}, {"name": "Santosh Juvekar", "id": 584}, {"name": "Siddarth Jadhav", "id": 585}, {"name": "Vaibhav Mangale", "id": 586}, {"name": "Alex Heartman", "id": 597}, {"name": "Brittany Anne Pirtle", "id": 598}, {"name": "Erika Fong", "id": 599}, {"name": "Felix Ryan", "id": 600}, {"name": "Hector David Jr.", "id": 601}, {"name": "Najee De-Tiege", "id": 602}, {"name": "Paul Schrier", "id": 603}, {"name": "Rene Naufahu", "id": 604}, {"name": "Steven Skyler", "id": 605}, {"name": "Boman Irani", "id": 716}, {"name": "Priyanka Chopra", "id": 721}, {"name": "Irrfan Khan", "id": 765}], "links": [{"source": 23, "target": 32}, {"source": 69, "target": 66}, {"source": 69, "target": 68}, {"source": 66, "target": 68}, {"source": 131, "target": 139}, {"source": 162, "target": 167}, {"source": 197, "target": 32}, {"source": 205, "target": 212}, {"source": 303, "target": 68}, {"source": 66, "target": 190}, {"source": 66, "target": 248}, {"source": 190, "target": 248}, {"source": 342, "target": 340}, {"source": 409, "target": 397}, {"source": 507, "target": 504}, {"source": 504, "target": 440}, {"source": 504, "target": 126}, {"source": 504, "target": 131}, {"source": 440, "target": 126}, {"source": 440, "target": 131}, {"source": 126, "target": 131}, {"source": 581, "target": 585}, {"source": 581, "target": 584}, {"source": 581, "target": 586}, {"source": 585, "target": 584}, {"source": 585, "target": 586}, {"source": 584, "target": 586}, {"source": 597, "target": 599}, {"source": 597, "target": 601}, {"source": 597, "target": 602}, {"source": 597, "target": 598}, {"source": 597, "target": 605}, {"source": 597, "target": 604}, {"source": 597, "target": 600}, {"source": 597, "target": 603}, {"source": 599, "target": 601}, {"source": 599, "target": 602}, {"source": 599, "target": 598}, {"source": 599, "target": 605}, {"source": 599, "target": 604}, {"source": 599, "target": 600}, {"source": 599, "target": 603}, {"source": 601, "target": 602}, {"source": 601, "target": 598}, {"source": 601, "target": 605}, {"source": 601, "target": 604}, {"source": 601, "target": 600}, {"source": 601, "target": 603}, {"source": 602, "target": 598}, {"source": 602, "target": 605}, {"source": 602, "target": 604}, {"source": 602, "target": 600}, {"source": 602, "target": 603}, {"source": 598, "target": 605}, {"source": 598, "target": 604}, {"source": 598, "target": 600}, {"source": 598, "target": 603}, {"source": 605, "target": 604}, {"source": 605, "target": 600}, {"source": 605, "target": 603}, {"source": 604, "target": 600}, {"source": 604, "target": 603}, {"source": 600, "target": 603}, {"source": 183, "target": 581}, {"source": 183, "target": 585}, {"source": 183, "target": 586}, {"source": 183, "target": 584}, {"source": 183, "target": 37}, {"source": 581, "target": 37}, {"source": 585, "target": 37}, {"source": 586, "target": 584}, {"source": 586, "target": 37}, {"source": 584, "target": 37}, {"source": 303, "target": 69}, {"source": 721, "target": 716}, {"source": 342, "target": 197}, {"source": 342, "target": 716}, {"source": 197, "target": 716}, {"source": 197, "target": 340}, {"source": 716, "target": 340}, {"source": 66, "target": 205}, {"source": 66, "target": 318}, {"source": 205, "target": 318}, {"source": 721, "target": 765}, {"source": 721, "target": 318}, {"source": 765, "target": 318}, {"source": 23, "target": 765}]}