{"nodes": [{"name": "Jon Favreau", "id": 9}, {"name": "Freddy Rodr\u00edguez", "id": 13}, {"name": "Akshay Kumar", "id": 62}, {"name": "Maggie Gyllenhaal", "id": 106}, {"name": "Catherine O'Hara", "id": 126}, {"name": "Kareena Kapoor", "id": 148}, {"name": "Om Puri", "id": 150}, {"name": "Paresh Rawal", "id": 151}, {"name": "Rajpal Yadav", "id": 152}, {"name": "Shakti Kapoor", "id": 154}, {"name": "Anthony Anderson", "id": 156}, {"name": "Katt Williams", "id": 157}, {"name": "Arshad Warsi", "id": 301}, {"name": "Ranvir Shorey", "id": 393}, {"name": "Soha Ali Khan", "id": 412}, {"name": "Sharman Joshi", "id": 435}, {"name": "Anupam Kher", "id": 441}, {"name": "Boman Irani", "id": 448}], "links": [{"source": 106, "target": 126}, {"source": 148, "target": 150}, {"source": 148, "target": 151}, {"source": 148, "target": 152}, {"source": 148, "target": 154}, {"source": 150, "target": 151}, {"source": 150, "target": 152}, {"source": 150, "target": 154}, {"source": 151, "target": 152}, {"source": 151, "target": 154}, {"source": 152, "target": 154}, {"source": 157, "target": 156}, {"source": 62, "target": 151}, {"source": 62, "target": 152}, {"source": 62, "target": 154}, {"source": 301, "target": 435}, {"source": 301, "target": 151}, {"source": 435, "target": 151}, {"source": 62, "target": 441}, {"source": 148, "target": 448}, {"source": 448, "target": 150}, {"source": 441, "target": 448}, {"source": 441, "target": 393}, {"source": 448, "target": 393}, {"source": 435, "target": 412}, {"source": 435, "target": 150}, {"source": 435, "target": 441}, {"source": 412, "target": 150}, {"source": 412, "target": 441}, {"source": 150, "target": 441}]}