{"nodes": [{"name": "Susan Sarandon", "id": 50}, {"name": "Carmen Machi", "id": 168}, {"name": "Guy Pearce", "id": 198}, {"name": "Anushka Shetty", "id": 250}, {"name": "Nassar", "id": 251}, {"name": "Prabhas", "id": 252}, {"name": "Ramya Krishnan", "id": 253}, {"name": "Rana Daggubati", "id": 254}, {"name": "Sathyaraj", "id": 255}, {"name": "Sudeep", "id": 256}, {"name": "Tamannaah Bhatia", "id": 257}, {"name": "Naomi Watts", "id": 268}, {"name": "Rajit Kapoor", "id": 387}, {"name": "Adil Hussain", "id": 528}, {"name": "Danny Flaherty", "id": 603}, {"name": "Ben Whishaw", "id": 612}, {"name": "Stephen Fry", "id": 773}, {"name": "Rajat Kapoor", "id": 791}, {"name": "Travis Willingham", "id": 873}, {"name": "Erdal Tosun", "id": 935}, {"name": "James Franco", "id": 1095}, {"name": "Ben Mendelsohn", "id": 1236}], "links": [{"source": 252, "target": 254}, {"source": 252, "target": 250}, {"source": 252, "target": 257}, {"source": 252, "target": 255}, {"source": 252, "target": 251}, {"source": 252, "target": 253}, {"source": 252, "target": 256}, {"source": 254, "target": 250}, {"source": 254, "target": 257}, {"source": 254, "target": 255}, {"source": 254, "target": 251}, {"source": 254, "target": 253}, {"source": 254, "target": 256}, {"source": 250, "target": 257}, {"source": 250, "target": 255}, {"source": 250, "target": 251}, {"source": 250, "target": 253}, {"source": 250, "target": 256}, {"source": 257, "target": 255}, {"source": 257, "target": 251}, {"source": 257, "target": 253}, {"source": 257, "target": 256}, {"source": 255, "target": 251}, {"source": 255, "target": 253}, {"source": 255, "target": 256}, {"source": 251, "target": 253}, {"source": 251, "target": 256}, {"source": 253, "target": 256}, {"source": 1095, "target": 603}, {"source": 268, "target": 50}]}