{"nodes": [{"name": "Laurence Fishburne", "id": 4}, {"name": "Marcia Gay Harden", "id": 5}, {"name": "John Cleese", "id": 33}, {"name": "Lucy Liu", "id": 35}, {"name": "Luis Guzm\u00e1n", "id": 46}, {"name": "Jack Nicholson", "id": 52}, {"name": "Kevin Nealon", "id": 56}, {"name": "Bernard Hill", "id": 63}, {"name": "Carrie-Anne Moss", "id": 71}, {"name": "Harold Perrineau", "id": 73}, {"name": "Harry Lennix", "id": 74}, {"name": "Hugo Weaving", "id": 75}, {"name": "Jada Pinkett Smith", "id": 76}, {"name": "Keanu Reeves", "id": 77}, {"name": "Lambert Wilson", "id": 78}, {"name": "Monica Bellucci", "id": 80}, {"name": "Nona Gaye", "id": 81}, {"name": "Kelly Preston", "id": 103}, {"name": "Amitabh Bachchan", "id": 107}, {"name": "Boman Irani", "id": 108}, {"name": "Gulshan Grover", "id": 109}, {"name": "Jackie Shroff", "id": 110}, {"name": "Seema Biswas", "id": 115}, {"name": "Vivek Oberoi", "id": 123}, {"name": "Yashpal Sharma", "id": 124}, {"name": "Fardeen Khan", "id": 129}, {"name": "Juhi Chawla", "id": 259}, {"name": "Nana Patekar", "id": 265}, {"name": "Saurabh Shukla", "id": 309}, {"name": "Rahul Bose", "id": 314}], "links": [{"source": 4, "target": 5}, {"source": 35, "target": 33}, {"source": 52, "target": 46}, {"source": 52, "target": 56}, {"source": 46, "target": 56}, {"source": 77, "target": 4}, {"source": 77, "target": 71}, {"source": 77, "target": 75}, {"source": 77, "target": 76}, {"source": 77, "target": 73}, {"source": 77, "target": 80}, {"source": 77, "target": 74}, {"source": 77, "target": 78}, {"source": 77, "target": 81}, {"source": 4, "target": 71}, {"source": 4, "target": 75}, {"source": 4, "target": 76}, {"source": 4, "target": 73}, {"source": 4, "target": 80}, {"source": 4, "target": 74}, {"source": 4, "target": 78}, {"source": 4, "target": 81}, {"source": 71, "target": 75}, {"source": 71, "target": 76}, {"source": 71, "target": 73}, {"source": 71, "target": 80}, {"source": 71, "target": 74}, {"source": 71, "target": 78}, {"source": 71, "target": 81}, {"source": 75, "target": 76}, {"source": 75, "target": 73}, {"source": 75, "target": 80}, {"source": 75, "target": 74}, {"source": 75, "target": 78}, {"source": 75, "target": 81}, {"source": 76, "target": 73}, {"source": 76, "target": 80}, {"source": 76, "target": 74}, {"source": 76, "target": 78}, {"source": 76, "target": 81}, {"source": 73, "target": 80}, {"source": 73, "target": 74}, {"source": 73, "target": 78}, {"source": 73, "target": 81}, {"source": 80, "target": 74}, {"source": 80, "target": 78}, {"source": 80, "target": 81}, {"source": 74, "target": 78}, {"source": 74, "target": 81}, {"source": 78, "target": 81}, {"source": 107, "target": 109}, {"source": 107, "target": 110}, {"source": 107, "target": 115}, {"source": 107, "target": 108}, {"source": 109, "target": 110}, {"source": 109, "target": 115}, {"source": 109, "target": 108}, {"source": 110, "target": 115}, {"source": 110, "target": 108}, {"source": 115, "target": 108}, {"source": 123, "target": 124}, {"source": 129, "target": 107}, {"source": 63, "target": 75}, {"source": 110, "target": 259}, {"source": 110, "target": 109}, {"source": 259, "target": 109}, {"source": 265, "target": 129}, {"source": 265, "target": 115}, {"source": 129, "target": 115}, {"source": 108, "target": 265}, {"source": 108, "target": 123}, {"source": 265, "target": 123}, {"source": 52, "target": 77}, {"source": 309, "target": 124}, {"source": 314, "target": 259}, {"source": 314, "target": 309}]}