{"nodes": [{"name": "Engin Altan D\u00fczyatan", "id": 4}, {"name": "Arisara Thongborisut", "id": 37}, {"name": "Gulshan Grover", "id": 89}, {"name": "Javed Sheikh", "id": 91}, {"name": "Jackie Chan", "id": 94}, {"name": "Vanessa Morgan", "id": 113}, {"name": "Ram Kapoor", "id": 146}, {"name": "Arjun Rampal", "id": 151}, {"name": "Nicole Oliver", "id": 164}, {"name": "Kate Higgins", "id": 174}, {"name": "Mike Vogel", "id": 211}, {"name": "Guy Pearce", "id": 220}, {"name": "Christie Laing", "id": 230}, {"name": "Aidan Gillen", "id": 237}, {"name": "David Morrissey", "id": 238}, {"name": "Eddie Marsan", "id": 239}, {"name": "Lorraine Ashbourne", "id": 241}, {"name": "Amy Adams", "id": 258}, {"name": "Paul Bettany", "id": 278}, {"name": "Irrfan Khan", "id": 291}, {"name": "Vipin Sharma", "id": 295}, {"name": "Rose Byrne", "id": 304}, {"name": "Aditya Roy Kapoor", "id": 326}, {"name": "Aishwarya Rai Bachchan", "id": 327}, {"name": "Akshay Kumar", "id": 328}, {"name": "Om Puri", "id": 332}, {"name": "Ajay Devgn", "id": 337}, {"name": "Purab Kohli", "id": 349}, {"name": "Shernaz Patel", "id": 353}, {"name": "Subodh Bhave", "id": 367}, {"name": "Siddarth Jadhav", "id": 368}, {"name": "Geoffrey Rush", "id": 475}, {"name": "Michael Gambon", "id": 479}, {"name": "John Doman", "id": 498}, {"name": "Nana Patekar", "id": 543}, {"name": "Angelina Jolie", "id": 549}, {"name": "Arya Babbar", "id": 566}, {"name": "Donnie Yen", "id": 593}, {"name": "Sammo Kam-Bo Hung", "id": 599}, {"name": "Sam Worthington", "id": 671}, {"name": "Jonathan Rhys Meyers", "id": 705}, {"name": "Naseeruddin Shah", "id": 722}, {"name": "Katrina Kaif", "id": 824}], "links": [{"source": 89, "target": 91}, {"source": 174, "target": 164}, {"source": 238, "target": 239}, {"source": 238, "target": 237}, {"source": 238, "target": 241}, {"source": 239, "target": 237}, {"source": 239, "target": 241}, {"source": 237, "target": 241}, {"source": 291, "target": 295}, {"source": 328, "target": 327}, {"source": 328, "target": 332}, {"source": 328, "target": 326}, {"source": 327, "target": 332}, {"source": 327, "target": 326}, {"source": 332, "target": 326}, {"source": 349, "target": 353}, {"source": 475, "target": 220}, {"source": 475, "target": 479}, {"source": 220, "target": 479}, {"source": 498, "target": 211}, {"source": 549, "target": 278}, {"source": 566, "target": 89}, {"source": 593, "target": 599}, {"source": 332, "target": 91}, {"source": 146, "target": 295}, {"source": 549, "target": 94}, {"source": 327, "target": 353}, {"source": 353, "target": 326}, {"source": 337, "target": 543}, {"source": 337, "target": 824}, {"source": 337, "target": 151}, {"source": 337, "target": 722}, {"source": 543, "target": 824}, {"source": 543, "target": 151}, {"source": 543, "target": 722}, {"source": 824, "target": 151}, {"source": 824, "target": 722}, {"source": 151, "target": 722}, {"source": 824, "target": 328}, {"source": 824, "target": 566}, {"source": 328, "target": 566}]}