{"nodes": [{"name": "Aishwarya", "id": 79}, {"name": "Jagapathi Babu", "id": 80}, {"name": "Lakshmi", "id": 81}, {"name": "Naga Shourya", "id": 82}, {"name": "Pragathi", "id": 83}, {"name": "Rajendraprasad", "id": 84}, {"name": "Rao Ramesh", "id": 85}, {"name": "Samantha Ruth Prabhu", "id": 86}, {"name": "Teja Sajja", "id": 87}, {"name": "Urvashi", "id": 88}, {"name": "Anna Claire Bartlam", "id": 131}, {"name": "Cory Doran", "id": 132}, {"name": "Derek McGrath", "id": 133}, {"name": "Eric Peterson", "id": 134}, {"name": "Jamie Watson", "id": 135}, {"name": "Julie Lemieux", "id": 136}, {"name": "Michela Luci", "id": 137}, {"name": "Nicolas Aqui", "id": 138}, {"name": "Scott Adkins", "id": 164}, {"name": "Danny Trejo", "id": 167}, {"name": "Deon Cole", "id": 270}, {"name": "Alessandro Juliani", "id": 323}, {"name": "Andrea Libman", "id": 324}, {"name": "Britt McKillip", "id": 325}, {"name": "Diana Kaarina", "id": 326}, {"name": "Elyse Maloway", "id": 327}, {"name": "Erin Mathews", "id": 328}, {"name": "Gigi Saul Guerrero", "id": 329}, {"name": "Ian James Corlett", "id": 330}, {"name": "Kathleen Barr", "id": 331}, {"name": "Nicole Anthony", "id": 332}, {"name": "Vincent Tong", "id": 333}, {"name": "Mike Epps", "id": 375}, {"name": "Jenny Slate", "id": 404}, {"name": "Robert Patrick", "id": 445}, {"name": "Joan Cusack", "id": 524}, {"name": "Barry Bostwick", "id": 570}, {"name": "Michael Jai White", "id": 575}, {"name": "Sonal Kaushal", "id": 622}, {"name": "Ray Romano", "id": 646}, {"name": "Tiffany Haddish", "id": 1056}, {"name": "Vijay Sethupathi", "id": 1305}, {"name": "Ken Jeong", "id": 1427}, {"name": "Laura Marano", "id": 1633}, {"name": "Kevin Hart", "id": 1711}, {"name": "Manav Kaul", "id": 1848}, {"name": "Taapsee Pannu", "id": 2098}, {"name": "Anish Kuruvilla", "id": 2181}, {"name": "David Solomon Raja", "id": 2182}, {"name": "Parvathi T", "id": 2183}, {"name": "Ramya Subramanian", "id": 2184}, {"name": "Sanchana Natarajan", "id": 2185}, {"name": "Vinodhini", "id": 2187}], "links": [{"source": 86, "target": 81}, {"source": 86, "target": 84}, {"source": 86, "target": 82}, {"source": 86, "target": 85}, {"source": 86, "target": 87}, {"source": 86, "target": 83}, {"source": 86, "target": 80}, {"source": 86, "target": 79}, {"source": 86, "target": 88}, {"source": 81, "target": 84}, {"source": 81, "target": 82}, {"source": 81, "target": 85}, {"source": 81, "target": 87}, {"source": 81, "target": 83}, {"source": 81, "target": 80}, {"source": 81, "target": 79}, {"source": 81, "target": 88}, {"source": 84, "target": 82}, {"source": 84, "target": 85}, {"source": 84, "target": 87}, {"source": 84, "target": 83}, {"source": 84, "target": 80}, {"source": 84, "target": 79}, {"source": 84, "target": 88}, {"source": 82, "target": 85}, {"source": 82, "target": 87}, {"source": 82, "target": 83}, {"source": 82, "target": 80}, {"source": 82, "target": 79}, {"source": 82, "target": 88}, {"source": 85, "target": 87}, {"source": 85, "target": 83}, {"source": 85, "target": 80}, {"source": 85, "target": 79}, {"source": 85, "target": 88}, {"source": 87, "target": 83}, {"source": 87, "target": 80}, {"source": 87, "target": 79}, {"source": 87, "target": 88}, {"source": 83, "target": 80}, {"source": 83, "target": 79}, {"source": 83, "target": 88}, {"source": 80, "target": 79}, {"source": 80, "target": 88}, {"source": 79, "target": 88}, {"source": 137, "target": 135}, {"source": 137, "target": 134}, {"source": 137, "target": 131}, {"source": 137, "target": 138}, {"source": 137, "target": 132}, {"source": 137, "target": 136}, {"source": 137, "target": 133}, {"source": 135, "target": 134}, {"source": 135, "target": 131}, {"source": 135, "target": 138}, {"source": 135, "target": 132}, {"source": 135, "target": 136}, {"source": 135, "target": 133}, {"source": 134, "target": 131}, {"source": 134, "target": 138}, {"source": 134, "target": 132}, {"source": 134, "target": 136}, {"source": 134, "target": 133}, {"source": 131, "target": 138}, {"source": 131, "target": 132}, {"source": 131, "target": 136}, {"source": 131, "target": 133}, {"source": 138, "target": 132}, {"source": 138, "target": 136}, {"source": 138, "target": 133}, {"source": 132, "target": 136}, {"source": 132, "target": 133}, {"source": 136, "target": 133}, {"source": 329, "target": 327}, {"source": 329, "target": 333}, {"source": 329, "target": 328}, {"source": 329, "target": 324}, {"source": 329, "target": 323}, {"source": 329, "target": 332}, {"source": 329, "target": 326}, {"source": 329, "target": 330}, {"source": 329, "target": 325}, {"source": 329, "target": 331}, {"source": 327, "target": 333}, {"source": 327, "target": 328}, {"source": 327, "target": 324}, {"source": 327, "target": 323}, {"source": 327, "target": 332}, {"source": 327, "target": 326}, {"source": 327, "target": 330}, {"source": 327, "target": 325}, {"source": 327, "target": 331}, {"source": 333, "target": 328}, {"source": 333, "target": 324}, {"source": 333, "target": 323}, {"source": 333, "target": 332}, {"source": 333, "target": 326}, {"source": 333, "target": 330}, {"source": 333, "target": 325}, {"source": 333, "target": 331}, {"source": 328, "target": 324}, {"source": 328, "target": 323}, {"source": 328, "target": 332}, {"source": 328, "target": 326}, {"source": 328, "target": 330}, {"source": 328, "target": 325}, {"source": 328, "target": 331}, {"source": 324, "target": 323}, {"source": 324, "target": 332}, {"source": 324, "target": 326}, {"source": 324, "target": 330}, {"source": 324, "target": 325}, {"source": 324, "target": 331}, {"source": 323, "target": 332}, {"source": 323, "target": 326}, {"source": 323, "target": 330}, {"source": 323, "target": 325}, {"source": 323, "target": 331}, {"source": 332, "target": 326}, {"source": 332, "target": 330}, {"source": 332, "target": 325}, {"source": 332, "target": 331}, {"source": 326, "target": 330}, {"source": 326, "target": 325}, {"source": 326, "target": 331}, {"source": 330, "target": 325}, {"source": 330, "target": 331}, {"source": 325, "target": 331}, {"source": 575, "target": 570}, {"source": 327, "target": 329}, {"source": 333, "target": 329}, {"source": 328, "target": 329}, {"source": 324, "target": 329}, {"source": 323, "target": 329}, {"source": 332, "target": 329}, {"source": 326, "target": 329}, {"source": 330, "target": 329}, {"source": 325, "target": 329}, {"source": 331, "target": 329}, {"source": 1056, "target": 270}, {"source": 1305, "target": 86}, {"source": 164, "target": 575}, {"source": 1633, "target": 1427}, {"source": 1711, "target": 1056}, {"source": 132, "target": 138}, {"source": 1711, "target": 404}, {"source": 1056, "target": 404}, {"source": 167, "target": 570}, {"source": 2098, "target": 1848}, {"source": 2098, "target": 2187}, {"source": 2098, "target": 2183}, {"source": 2098, "target": 2184}, {"source": 2098, "target": 2185}, {"source": 2098, "target": 2181}, {"source": 2098, "target": 2182}, {"source": 2187, "target": 2183}, {"source": 2187, "target": 2184}, {"source": 2187, "target": 2185}, {"source": 2187, "target": 2181}, {"source": 2187, "target": 2182}, {"source": 2183, "target": 2184}, {"source": 2183, "target": 2185}, {"source": 2183, "target": 2181}, {"source": 2183, "target": 2182}, {"source": 2184, "target": 2185}, {"source": 2184, "target": 2181}, {"source": 2184, "target": 2182}, {"source": 2185, "target": 2181}, {"source": 2185, "target": 2182}, {"source": 2181, "target": 2182}]}