{"nodes": [{"name": "Guillaume Canet", "id": 7}, {"name": "Emory Cohen", "id": 121}, {"name": "Michael McElhatton", "id": 264}, {"name": "Jimmy Shergill", "id": 298}, {"name": "Narendra Jha", "id": 299}, {"name": "Kim Coates", "id": 350}, {"name": "Louis Koo", "id": 372}, {"name": "Manav Kaul", "id": 398}, {"name": "Happy Raikoti", "id": 405}, {"name": "Karamjit Anmol", "id": 406}, {"name": "Nirmal Rishi", "id": 409}, {"name": "Sardar Sohi", "id": 411}, {"name": "Sunny Leone", "id": 425}, {"name": "Yograj Singh", "id": 515}, {"name": "Andrea Libman", "id": 679}, {"name": "Ashleigh Ball", "id": 680}, {"name": "Common", "id": 788}, {"name": "Rob Riggle", "id": 804}, {"name": "Luis Tosar", "id": 841}, {"name": "Bayyumi Fuad", "id": 1537}, {"name": "Chelsea Islan", "id": 1559}, {"name": "Jos\u00e9 Coronado", "id": 1732}, {"name": "Amitabh Bachchan", "id": 2008}, {"name": "Alfred Molina", "id": 2112}, {"name": "Chris Pine", "id": 2142}, {"name": "John Abraham", "id": 2282}, {"name": "Ricky Gervais", "id": 2482}, {"name": "Aditi Rao Hydari", "id": 3113}], "links": [{"source": 7, "target": 264}, {"source": 298, "target": 299}, {"source": 405, "target": 411}, {"source": 405, "target": 406}, {"source": 405, "target": 409}, {"source": 411, "target": 406}, {"source": 411, "target": 409}, {"source": 406, "target": 409}, {"source": 515, "target": 411}, {"source": 405, "target": 515}, {"source": 680, "target": 679}, {"source": 679, "target": 680}, {"source": 804, "target": 350}, {"source": 2282, "target": 299}, {"source": 2008, "target": 3113}, {"source": 2008, "target": 398}, {"source": 2008, "target": 2282}, {"source": 3113, "target": 398}, {"source": 3113, "target": 2282}, {"source": 398, "target": 2282}]}