{"nodes": [{"name": "Bill Hader", "id": 10}, {"name": "Jonah Hill", "id": 14}, {"name": "Akshay Kumar", "id": 28}, {"name": "Ameesha Patel", "id": 29}, {"name": "Asrani", "id": 30}, {"name": "Manoj Joshi", "id": 31}, {"name": "Paresh Rawal", "id": 32}, {"name": "Rajpal Yadav", "id": 33}, {"name": "Shiney Ahuja", "id": 35}, {"name": "Vidya Balan", "id": 36}, {"name": "Morgan Freeman", "id": 98}, {"name": "Brian Cox", "id": 124}, {"name": "Donal Logue", "id": 127}, {"name": "James Cromwell", "id": 148}, {"name": "Gordon MacDonald", "id": 157}, {"name": "Arshad Warsi", "id": 166}, {"name": "Boman Irani", "id": 168}, {"name": "Kay Kay Menon", "id": 186}, {"name": "Konkona Sen Sharma", "id": 187}, {"name": "Abhishek Bachchan", "id": 237}, {"name": "Diya Mirza", "id": 243}, {"name": "Sanjay Dutt", "id": 247}, {"name": "Nicolas Cage", "id": 330}, {"name": "Javed Sheikh", "id": 335}, {"name": "John Goodman", "id": 434}, {"name": "Kathy Bates", "id": 435}, {"name": "Ranvir Shorey", "id": 481}], "links": [{"source": 14, "target": 10}, {"source": 28, "target": 36}, {"source": 28, "target": 29}, {"source": 28, "target": 35}, {"source": 28, "target": 32}, {"source": 28, "target": 33}, {"source": 28, "target": 31}, {"source": 28, "target": 30}, {"source": 36, "target": 29}, {"source": 36, "target": 35}, {"source": 36, "target": 32}, {"source": 36, "target": 33}, {"source": 36, "target": 31}, {"source": 36, "target": 30}, {"source": 29, "target": 35}, {"source": 29, "target": 32}, {"source": 29, "target": 33}, {"source": 29, "target": 31}, {"source": 29, "target": 30}, {"source": 35, "target": 32}, {"source": 35, "target": 33}, {"source": 35, "target": 31}, {"source": 35, "target": 30}, {"source": 32, "target": 33}, {"source": 32, "target": 31}, {"source": 32, "target": 30}, {"source": 33, "target": 31}, {"source": 33, "target": 30}, {"source": 31, "target": 30}, {"source": 124, "target": 127}, {"source": 166, "target": 168}, {"source": 187, "target": 186}, {"source": 187, "target": 35}, {"source": 186, "target": 35}, {"source": 247, "target": 237}, {"source": 247, "target": 243}, {"source": 237, "target": 243}, {"source": 237, "target": 36}, {"source": 237, "target": 31}, {"source": 28, "target": 335}, {"source": 330, "target": 127}, {"source": 434, "target": 435}, {"source": 247, "target": 166}, {"source": 247, "target": 30}, {"source": 166, "target": 30}, {"source": 187, "target": 481}, {"source": 187, "target": 31}, {"source": 481, "target": 31}, {"source": 168, "target": 186}, {"source": 168, "target": 29}, {"source": 168, "target": 243}, {"source": 168, "target": 481}, {"source": 186, "target": 29}, {"source": 186, "target": 243}, {"source": 186, "target": 481}, {"source": 29, "target": 243}, {"source": 29, "target": 481}, {"source": 243, "target": 481}, {"source": 434, "target": 98}, {"source": 434, "target": 14}, {"source": 98, "target": 14}]}