{"nodes": [{"name": "Anne Hathaway", "id": 9}, {"name": "Adam Sandler", "id": 18}, {"name": "Nick Swardson", "id": 26}, {"name": "Raj Babbar", "id": 45}, {"name": "Urmila Matondkar", "id": 49}, {"name": "Ila Arun", "id": 96}, {"name": "Kulbhushan Kharbanda", "id": 97}, {"name": "Seth Rogen", "id": 125}, {"name": "Surya Saputra", "id": 137}, {"name": "Kathryn Hahn", "id": 181}, {"name": "Dennis Quaid", "id": 201}, {"name": "Sa\u00efd Taghmaoui", "id": 205}, {"name": "Anupam Kher", "id": 220}, {"name": "Kay Kay Menon", "id": 236}, {"name": "Paresh Rawal", "id": 238}, {"name": "Santosh Juvekar", "id": 239}, {"name": "Amrita Rao", "id": 253}, {"name": "Shreyas Talpade", "id": 260}, {"name": "Rajpal Yadav", "id": 272}, {"name": "Vipin Sharma", "id": 281}, {"name": "Arjun Rampal", "id": 290}, {"name": "Viola Davis", "id": 310}, {"name": "Guy Pearce", "id": 322}, {"name": "Rahul Bose", "id": 388}, {"name": "Seema Biswas", "id": 390}, {"name": "Purab Kohli", "id": 409}, {"name": "Sarika", "id": 412}, {"name": "Brian Stepanek", "id": 440}, {"name": "Louis Fan", "id": 465}, {"name": "Nick Cheung", "id": 467}, {"name": "Jim Broadbent", "id": 515}, {"name": "Bill Smitrovich", "id": 577}, {"name": "Tim Kelleher", "id": 584}, {"name": "Terence Stamp", "id": 644}], "links": [{"source": 18, "target": 26}, {"source": 49, "target": 45}, {"source": 96, "target": 97}, {"source": 201, "target": 205}, {"source": 238, "target": 236}, {"source": 238, "target": 239}, {"source": 236, "target": 239}, {"source": 260, "target": 253}, {"source": 260, "target": 96}, {"source": 253, "target": 96}, {"source": 220, "target": 272}, {"source": 238, "target": 281}, {"source": 290, "target": 49}, {"source": 290, "target": 97}, {"source": 49, "target": 97}, {"source": 18, "target": 322}, {"source": 322, "target": 26}, {"source": 388, "target": 390}, {"source": 388, "target": 236}, {"source": 388, "target": 253}, {"source": 390, "target": 236}, {"source": 390, "target": 253}, {"source": 236, "target": 253}, {"source": 220, "target": 409}, {"source": 220, "target": 412}, {"source": 220, "target": 390}, {"source": 409, "target": 272}, {"source": 409, "target": 412}, {"source": 409, "target": 390}, {"source": 272, "target": 412}, {"source": 272, "target": 390}, {"source": 412, "target": 390}, {"source": 26, "target": 440}, {"source": 467, "target": 465}, {"source": 220, "target": 388}, {"source": 388, "target": 412}, {"source": 322, "target": 205}, {"source": 577, "target": 584}, {"source": 260, "target": 239}, {"source": 290, "target": 409}, {"source": 9, "target": 644}]}